sheet_row,icon_name,category,file_column,status,file_name_in_drive,file_id,note
6,Adderall,Apothecary,SMALL OFM,MISMATCH,Blush SMALL.ofm,1getU-ufLmWH0ly68MOBE3xgRkSyu9Yk0,Icon name 'Adderall' doesn't appear in file name 'Blush SMALL.ofm'
46,Bandana Texas,Texas,SMALL OFM,BROKEN_LINK,,1OrlgWVpjcSDM2I92LqfzgW1EyWYmhdn7,File not found or not accessible by service account
46,Bandana Texas,Texas,MEDIUM OFM,BROKEN_LINK,,1jIehQOADCO04n_qxNyDBO7yWKa_xwdSU,File not found or not accessible by service account
46,Bandana Texas,Texas,LARGE OFM,BROKEN_LINK,,1Pdom2xPdsIaGkZ_cJaLADIUDqM_VtBJ3,File not found or not accessible by service account
60,Beamed 16th Note,Hobby,SMALL OFM,MISMATCH,Beamed Sixteenth Note SMALL.ofm,1NOPvOccMOuUuKk4xUEogO9InDkVW9b5o,Icon name 'Beamed 16th Note' doesn't appear in file name 'Beamed Sixteenth Note SMALL.ofm'
60,Beamed 16th Note,Hobby,MEDIUM OFM,MISMATCH,Beamed Sixteenth Note MEDIUM.ofm,1K-qaO45VU74ovJkXoDwOuJfqJH2Ulthd,Icon name 'Beamed 16th Note' doesn't appear in file name 'Beamed Sixteenth Note MEDIUM.ofm'
60,Beamed 16th Note,Hobby,LARGE OFM,MISMATCH,Beamed Sixteenth Note LARGE.ofm,1PaU3dGhcEaqxYQymXnHo9dAbT2v61aaW,Icon name 'Beamed 16th Note' doesn't appear in file name 'Beamed Sixteenth Note LARGE.ofm'
60,Beamed 16th Note,Hobby,PNG,MISMATCH,Beamed Sixteenth Note.png,1b76qU1VuNkl7ViPsKIm7TksVBWidyJ0z,Icon name 'Beamed 16th Note' doesn't appear in file name 'Beamed Sixteenth Note.png'
60,Beamed 16th Note,Hobby,SMALL DST,MISMATCH,Beamed Sixteenth Note SMALL.dst,1si6Q-NO11MSi-ELUOBTr4WOK9c1fyDVM,Icon name 'Beamed 16th Note' doesn't appear in file name 'Beamed Sixteenth Note SMALL.dst'
60,Beamed 16th Note,Hobby,MEDIUM DST,MISMATCH,Beamed Sixteenth Note MEDIUM.dst,1qlA4O8vTkl3NWgeSnnPRUwOsf4KEIPsO,Icon name 'Beamed 16th Note' doesn't appear in file name 'Beamed Sixteenth Note MEDIUM.dst'
60,Beamed 16th Note,Hobby,LARGE DST,MISMATCH,Beamed Sixteenth Note LARGE.dst,1L3Kx0PutzCZJbEXQaWlmah5Wf-YRlJWT,Icon name 'Beamed 16th Note' doesn't appear in file name 'Beamed Sixteenth Note LARGE.dst'
227,Christmas Tree Truck,Holiday,PNG,MISMATCH,Christmas Tree.png,11ZVTL2VRTQ8jyVHV9pCw38BikZDFzRG1,Icon name 'Christmas Tree Truck' doesn't appear in file name 'Christmas Tree.png'
227,Christmas Tree Truck,Holiday,SMALL DST,MISMATCH,Christmas Tree MEDIUM.dst,1ErAj0dCdylu_UIzlcdaWXsSRBRALOBp5,Icon name 'Christmas Tree Truck' doesn't appear in file name 'Christmas Tree MEDIUM.dst'
227,Christmas Tree Truck,Holiday,MEDIUM DST,MISMATCH,Christmas Tree MEDIUM.dst,1ErAj0dCdylu_UIzlcdaWXsSRBRALOBp5,Icon name 'Christmas Tree Truck' doesn't appear in file name 'Christmas Tree MEDIUM.dst'
227,Christmas Tree Truck,Holiday,LARGE DST,MISMATCH,Christmas Tree LARGE.dst,1Dd01Ave8l1hThNGbfz37bPjOCLn_VUFl,Icon name 'Christmas Tree Truck' doesn't appear in file name 'Christmas Tree LARGE.dst'
235,Convertible,Travel,LARGE DST,MISMATCH,Coffee SMALL.dst,1d_oa_mtydRFKJfESfUqHzShlZ3flvc-Y,Icon name 'Convertible' doesn't appear in file name 'Coffee SMALL.dst'
286,Dice,Most Popular,SMALL OFM,MISMATCH,Diamond SMALL.ofm,1WiFwqU79If27FrJyLOYFJjziFFvBihX6,Icon name 'Dice' doesn't appear in file name 'Diamond SMALL.ofm'
286,Dice,Most Popular,MEDIUM OFM,MISMATCH,Diamond MEDIUM.ofm,175ybCebEwkRngTRQXScXH-fI2070cLc7,Icon name 'Dice' doesn't appear in file name 'Diamond MEDIUM.ofm'
286,Dice,Most Popular,LARGE OFM,MISMATCH,Diamond LARGE.ofm,1VTADBvTQYWcmlzxcKbEX5KnWUnicCla3,Icon name 'Dice' doesn't appear in file name 'Diamond LARGE.ofm'
301,Fish Bone,Beach,PNG,MISMATCH,Fish.png,1wAANv0G6fumiY56X2xUSF0BMZwGaQXAk,Icon name 'Fish Bone' doesn't appear in file name 'Fish.png'
323,Great Dane Locket,Locket Dogs,MEDIUM DST,MISMATCH,Green Hot Chocolate SMALL.dst,1zgUhYQfig-1aFwH3tG5J8w4tAikh21T6,Icon name 'Great Dane Locket' doesn't appear in file name 'Green Hot Chocolate SMALL.dst'
344,Husky Locket,Locket Dogs,MEDIUM DST,MISMATCH,Husky SMALL.dst,1VJpyHa-iqy1q4ZWWNC0xKJklbwOyKn1M,Icon name 'Husky Locket' doesn't appear in file name 'Husky SMALL.dst'
362,Japan Stamp,Japan,MEDIUM OFM,BROKEN_LINK,,1OetNFlhEB1MAK_qQn69qU9mHYAOfd3UT,File not found or not accessible by service account
559,Ski Aussie Shepherd,Ski Dogs,SMALL OFM,MISMATCH,Ski Beagle SMALL.ofm,1w44Ugo_MJEd6lcL9ti18xb34OZpYYAdB,Icon name 'Ski Aussie Shepherd' doesn't appear in file name 'Ski Beagle SMALL.ofm'
583,Ski Cane Corso,Ski Dogs,PNG,MISMATCH,Ski Brown Shorthair Dachshund.png,1TG8c85O_n6spnqv5n4O5kESAUgyO1kw5,Icon name 'Ski Cane Corso' doesn't appear in file name 'Ski Brown Shorthair Dachshund.png'
591,Ski English Bulldog,Ski Dogs,PNG,MISMATCH,Ski Doberman.png,1Ng99elI5flY4uX3uY-fA61IBKR-R-fLZ,Icon name 'Ski English Bulldog' doesn't appear in file name 'Ski Doberman.png'
634,Statue of Liberty Head,NYC,SMALL DST,MISMATCH,Statue of Liberty SMALL.dst,1LhVtgm5a0wASgdOR2rZeGRgvBasDyliA,Icon name 'Statue of Liberty Head' doesn't appear in file name 'Statue of Liberty SMALL.dst'
634,Statue of Liberty Head,NYC,MEDIUM DST,MISMATCH,Statue of Liberty MEDIUM.dst,1UJhhlctPbJiTt41eZJMMz8g8nIPMvS6p,Icon name 'Statue of Liberty Head' doesn't appear in file name 'Statue of Liberty MEDIUM.dst'
634,Statue of Liberty Head,NYC,LARGE DST,MISMATCH,Statue of Liberty LARGE.dst,1-SFs-Kak9DhlEgkCsvGF-VWAmu4Ubh68,Icon name 'Statue of Liberty Head' doesn't appear in file name 'Statue of Liberty LARGE.dst'
655,Tan Shorthair Dachshund,Dogs,LARGE DST,MISMATCH,Tan Longhair Dachshund SMALL.dst,1UfIZeSkY6HP-ZOgi-SLi4L6rgDXwrSGm,Icon name 'Tan Shorthair Dachshund' doesn't appear in file name 'Tan Longhair Dachshund SMALL.dst'
656,Tan Shorthair Dachshund Locket,Locket Dogs,MEDIUM DST,MISMATCH,Tan Longhair Dachshund SMALL.dst,1UfIZeSkY6HP-ZOgi-SLi4L6rgDXwrSGm,Icon name 'Tan Shorthair Dachshund Locket' doesn't appear in file name 'Tan Longhair Dachshund SMALL.dst'
670,Torii Gate,Japan,LARGE DST,MISMATCH,Treble Cleff LARGE.dst,17Fk09M1-smxW21qHANadlPdbsl11XyVg,Icon name 'Torii Gate' doesn't appear in file name 'Treble Cleff LARGE.dst'
671,Treble Cleff,Hobby,LARGE DST,MISMATCH,Torii Gate LARGE.dst,1_Ly7c_Bye0_6TPuDpGUtRPcCmSpBV8nL,Icon name 'Treble Cleff' doesn't appear in file name 'Torii Gate LARGE.dst'
699,Yellow Lab Locket,Locket Dogs,MEDIUM DST,MISMATCH,Yellow Lab SMALL.dst,1Lm7pzDUP3NrbQHMbv1XJIiFCzJzfjonY,Icon name 'Yellow Lab Locket' doesn't appear in file name 'Yellow Lab SMALL.dst'
701,Yorkie Locket,Locket Dogs,MEDIUM DST,MISMATCH,Yorkie SMALL.dst,1Kyun2ZgBwX-gcGkvTTulmkNErXKMxsb_,Icon name 'Yorkie Locket' doesn't appear in file name 'Yorkie SMALL.dst'
