Icon,Tags
8 Ball,"hobby, pool, billiards, games, bar"
Abbode Bow,"popular, bestseller, bow, ribbon, coquette, girly, preppy, abbode, signature"
Ace of Hearts,"hobby, heart, love, valentine, valentines day, cards, poker, casino, games, game night, vegas"
Adderall,"beauty, self care, vanity, glam, medicine, pharmacy, meds, prescription, funny"
Airplane,"travel, vacation, trip, jet setter, wanderlust, airplane, flight, airport"
Anchor,"beach, summer, coastal, ocean, vacation, nautical, new england, cape cod, sailing, preppy"
Aperol Bottle,"drink, drinks, aperol, spritz, cocktail, italian, summer, happy hour, europe"
Aperol Spritz,"drink, drinks, aperol, spritz, cocktail, italian, summer, happy hour, europe"
Apple,"food, fruit, apple, fall, orchard, teacher, school"
Apple Core,"food, fruit, apple, fall, orchard, teacher, school"
Aquarius,"zodiac, astrology, horoscope, star sign, birthday, celestial, january, february"
Aries,"zodiac, astrology, horoscope, star sign, birthday, celestial, ram, march, april"
Aussie Shepherd,"dog, puppy, pet, animal, dog mom, fur baby, aussie, australian shepherd"
Aussie Shepherd Locket,"dog, puppy, pet, animal, dog mom, locket, keepsake, love, sentimental, aussie, australian shepherd"
Austin Heart,"texas, southern, travel, heart, love, valentine, valentines day"
Austin Pennant,"texas, southern, travel, pennant, college, varsity, school spirit, game day, tailgate, dorm"
Bagel,"food, bagel, breakfast, brunch, deli, new york"
Bagel & Lox,"food, bagel, breakfast, brunch, deli, new york, jewish deli, seafood"
Balinese Cat,"cat, kitten, pet, animal, cat mom, balinese"
Balinese Cat Locket,"cat, kitten, pet, animal, cat mom, locket, keepsake, love, sentimental, balinese"
Banana,"food, fruit"
Bandana A,"bandana, western, letter, alphabet, initial, monogram"
Bandana B,"bandana, western, letter, alphabet, initial, monogram"
Bandana C,"bandana, western, letter, alphabet, initial, monogram"
Bandana D,"bandana, western, letter, alphabet, initial, monogram"
Bandana E,"bandana, western, letter, alphabet, initial, monogram"
Bandana F,"bandana, western, letter, alphabet, initial, monogram"
Bandana G,"bandana, western, letter, alphabet, initial, monogram"
Bandana H,"bandana, western, letter, alphabet, initial, monogram"
Bandana Heart,"bandana, western, heart, love, valentine, valentines day"
Bandana I,"bandana, western, letter, alphabet, initial, monogram"
Bandana J,"bandana, western, letter, alphabet, initial, monogram"
Bandana K,"bandana, western, letter, alphabet, initial, monogram"
Bandana L,"bandana, western, letter, alphabet, initial, monogram"
Bandana M,"bandana, western, letter, alphabet, initial, monogram"
Bandana N,"bandana, western, letter, alphabet, initial, monogram"
Bandana O,"bandana, western, letter, alphabet, initial, monogram"
Bandana P,"bandana, western, letter, alphabet, initial, monogram"
Bandana Q,"bandana, western, letter, alphabet, initial, monogram"
Bandana R,"bandana, western, letter, alphabet, initial, monogram"
Bandana S,"bandana, western, letter, alphabet, initial, monogram"
Bandana Star,"bandana, western, star, celestial, night sky"
Bandana T,"bandana, western, letter, alphabet, initial, monogram"
Bandana Texas,"texas, southern, travel, western, cowboy, country"
Bandana U,"bandana, western, letter, alphabet, initial, monogram"
Bandana V,"bandana, western, letter, alphabet, initial, monogram"
Bandana W,"bandana, western, letter, alphabet, initial, monogram"
Bandana X,"bandana, western, letter, alphabet, initial, monogram"
Bandana Y,"bandana, western, letter, alphabet, initial, monogram"
Bandana Z,"bandana, western, letter, alphabet, initial, monogram"
Baseball,"hobby, baseball, sports, game day, ballpark"
Basketball,"hobby, basketball, sports, game day"
Bass Cleff,"hobby, music, musician, band, musical notes, concert"
Basset Hound Locket,"dog, puppy, pet, animal, dog mom, locket, keepsake, love, sentimental, basset hound"
Beach Chair,"beach, summer, coastal, ocean, vacation, pool, relax"
Beagle,"dog, puppy, pet, animal, dog mom, fur baby, beagle"
Beagle Locket,"dog, puppy, pet, animal, dog mom, locket, keepsake, love, sentimental, beagle"
Beamed 16th Note,"hobby, music, musician, band, musical notes, concert"
Bernedoodle,"dog, puppy, pet, animal, dog mom, fur baby, doodle, goldendoodle, bernedoodle"
Bernedoodle Locket,"dog, puppy, pet, animal, dog mom, locket, keepsake, love, sentimental, doodle, goldendoodle, bernedoodle"
Bernese Mountain Dog,"dog, puppy, pet, animal, dog mom, fur baby, bernese mountain dog, berner"
Bernese Mountain Dog Locket,"dog, puppy, pet, animal, dog mom, locket, keepsake, love, sentimental, bernese mountain dog, berner"
Bicycle,"hobby, bike, cycling, sports, outdoors"
Bikini,"beach, summer, coastal, ocean, vacation, swim, pool"
Bikini Polka Dot,"beach, summer, coastal, ocean, vacation, swim, pool"
Black and Tan Longhair Dachshund,"dog, puppy, pet, animal, dog mom, fur baby, dachshund, wiener dog, sausage dog, doxie"
Black and Tan Longhair Dachshund Locket,"dog, puppy, pet, animal, dog mom, locket, keepsake, love, sentimental, dachshund, wiener dog, sausage dog, doxie"
Black and Tan Pomeranian,"dog, puppy, pet, animal, dog mom, fur baby, pomeranian, pom"
Black and Tan Pomeranian Locket,"dog, puppy, pet, animal, dog mom, locket, keepsake, love, sentimental, pomeranian, pom"
Black and Tan Shorthair Dachshund,"dog, puppy, pet, animal, dog mom, fur baby, dachshund, wiener dog, sausage dog, doxie"
Black and Tan Shorthair Dachshund Locket,"dog, puppy, pet, animal, dog mom, locket, keepsake, love, sentimental, dachshund, wiener dog, sausage dog, doxie"
Black and White Long Hair Cat,"cat, kitten, pet, animal, cat mom"
Black and White Short Hair Cat,"cat, kitten, pet, animal, cat mom"
Black Cavalier,"dog, puppy, pet, animal, dog mom, fur baby, cavalier, king charles spaniel, cavalier king charles"
Black Cavalier Locket,"dog, puppy, pet, animal, dog mom, locket, keepsake, love, sentimental, cavalier, king charles spaniel, cavalier king charles"
Black Dachshund,"dog, puppy, pet, animal, dog mom, fur baby, dachshund, wiener dog, sausage dog, doxie"
Black Doodle,"dog, puppy, pet, animal, dog mom, fur baby, doodle, goldendoodle"
Black Doodle Locket,"dog, puppy, pet, animal, dog mom, locket, keepsake, love, sentimental, doodle, goldendoodle"
Black Lab,"dog, puppy, pet, animal, dog mom, fur baby, lab, labrador, labrador retriever"
Black Lab Locket,"dog, puppy, pet, animal, dog mom, locket, keepsake, love, sentimental, lab, labrador, labrador retriever"
Black Long Hair Cat,"cat, kitten, pet, animal, cat mom"
Black Longhair Dachshund,"dog, puppy, pet, animal, dog mom, fur baby, dachshund, wiener dog, sausage dog, doxie"
Black Pug,"dog, puppy, pet, animal, dog mom, fur baby, pug"
Black Pug Locket,"dog, puppy, pet, animal, dog mom, locket, keepsake, love, sentimental, pug"
Black Short Hair Cat,"cat, kitten, pet, animal, cat mom"
Black Shorthair Dachshund,"dog, puppy, pet, animal, dog mom, fur baby, dachshund, wiener dog, sausage dog, doxie"
Blonde Doodle,"dog, puppy, pet, animal, dog mom, fur baby, doodle, goldendoodle"
Blonde Doodle Locket,"dog, puppy, pet, animal, dog mom, locket, keepsake, love, sentimental, doodle, goldendoodle"
Blue Hydrangea,"nature, botanical, garden, outdoors, floral, flower, hydrangea, cape cod, preppy, spring, summer"
Blue Plaid A,"plaid, tartan, preppy, letter, alphabet, initial, monogram"
Blue Plaid B,"plaid, tartan, preppy, letter, alphabet, initial, monogram"
Blue Plaid C,"plaid, tartan, preppy, letter, alphabet, initial, monogram"
Blue Plaid D,"plaid, tartan, preppy, letter, alphabet, initial, monogram"
Blue Plaid E,"plaid, tartan, preppy, letter, alphabet, initial, monogram"
Blue Plaid F,"plaid, tartan, preppy, letter, alphabet, initial, monogram"
Blue Plaid G,"plaid, tartan, preppy, letter, alphabet, initial, monogram"
Blue Plaid H,"plaid, tartan, preppy, letter, alphabet, initial, monogram"
Blue Plaid I,"plaid, tartan, preppy, letter, alphabet, initial, monogram"
Blue Plaid J,"plaid, tartan, preppy, letter, alphabet, initial, monogram"
Blue Plaid K,"plaid, tartan, preppy, letter, alphabet, initial, monogram"
Blue Plaid L,"plaid, tartan, preppy, letter, alphabet, initial, monogram"
Blue Plaid M,"plaid, tartan, preppy, letter, alphabet, initial, monogram"
Blue Plaid N,"plaid, tartan, preppy, letter, alphabet, initial, monogram"
Blue Plaid O,"plaid, tartan, preppy, letter, alphabet, initial, monogram"
Blue Plaid P,"plaid, tartan, preppy, letter, alphabet, initial, monogram"
Blue Plaid Q,"plaid, tartan, preppy, letter, alphabet, initial, monogram"
Blue Plaid R,"plaid, tartan, preppy, letter, alphabet, initial, monogram"
Blue Plaid S,"plaid, tartan, preppy, letter, alphabet, initial, monogram"
Blue Plaid T,"plaid, tartan, preppy, letter, alphabet, initial, monogram"
Blue Plaid U,"plaid, tartan, preppy, letter, alphabet, initial, monogram"
Blue Plaid V,"plaid, tartan, preppy, letter, alphabet, initial, monogram"
Blue Plaid W,"plaid, tartan, preppy, letter, alphabet, initial, monogram"
Blue Plaid X,"plaid, tartan, preppy, letter, alphabet, initial, monogram"
Blue Plaid Y,"plaid, tartan, preppy, letter, alphabet, initial, monogram"
Blue Plaid Z,"plaid, tartan, preppy, letter, alphabet, initial, monogram"
Blush,"beauty, self care, vanity, glam, makeup, girls night"
Boarding Pass,"travel, vacation, trip, jet setter, wanderlust, airplane, flight, airport, ticket"
Border Collie,"dog, puppy, pet, animal, dog mom, fur baby, border collie, collie"
Border Collie Locket,"dog, puppy, pet, animal, dog mom, locket, keepsake, love, sentimental, border collie, collie"
Boston Adirondak Chair,"boston, massachusetts, new england, east coast, city, travel, adirondack chair, lake, summer, porch"
Boston Baseball Cap,"boston, massachusetts, new england, east coast, city, travel, baseball, sports, game day, ballpark"
Boston Canolli,"boston, massachusetts, new england, east coast, city, travel, cannoli, italian, pastry, dessert, sweet"
Boston CITGO Sign,"boston, massachusetts, new england, east coast, city, travel, fenway, landmark, sign"
Boston Clover,"boston, massachusetts, new england, east coast, city, travel, clover, lucky, luck, irish, st patricks day, shamrock"
Boston Ducks,"boston, massachusetts, new england, east coast, city, travel, duck, duckling, bird, animal"
Boston Dunkin,"boston, massachusetts, new england, east coast, city, travel, coffee, dunkin, donut, iced coffee"
Boston Heart,"boston, massachusetts, new england, east coast, city, travel, heart, love, valentine, valentines day"
Boston License Plate,"boston, massachusetts, new england, east coast, city, travel, license plate, car, souvenir"
Boston Pennant,"boston, massachusetts, new england, east coast, city, travel, pennant, college, varsity, school spirit, game day, tailgate, dorm"
Boston Red Sock,"boston, massachusetts, new england, east coast, city, travel, baseball, sports, red sox, fenway"
Boston Sign,"boston, massachusetts, new england, east coast, city, travel"
Boston Terrier,"dog, puppy, pet, animal, dog mom, fur baby, boston terrier"
Boston Terrier Locket,"dog, puppy, pet, animal, dog mom, locket, keepsake, love, sentimental, boston terrier"
Boston Tote,"boston, massachusetts, new england, east coast, city, travel, tote bag, souvenir"
Boxer,"dog, puppy, pet, animal, dog mom, fur baby, boxer"
Boxer Locket,"dog, puppy, pet, animal, dog mom, locket, keepsake, love, sentimental, boxer"
Broccoli,"food, vegetable, veggie, cooking, kitchen, garden, farmers market"
Broken Heart,"romance, love, valentine, valentines day, heart"
Bronco,"travel, vacation, trip, jet setter, wanderlust, car, western, outdoors, retro"
Brown and White Basset Hound,"dog, puppy, pet, animal, dog mom, fur baby, basset hound"
Brown Doodle,"dog, puppy, pet, animal, dog mom, fur baby, doodle, goldendoodle"
Brown Doodle Locket,"dog, puppy, pet, animal, dog mom, locket, keepsake, love, sentimental, doodle, goldendoodle"
Brown Longhair Dachshund,"dog, puppy, pet, animal, dog mom, fur baby, dachshund, wiener dog, sausage dog, doxie"
Brown Longhair Dachshund Locket,"dog, puppy, pet, animal, dog mom, locket, keepsake, love, sentimental, dachshund, wiener dog, sausage dog, doxie"
Brown Mushroom,"nature, botanical, garden, outdoors, mushroom, cottagecore, whimsical, fall"
Brown Shorthair Dachshund,"dog, puppy, pet, animal, dog mom, fur baby, dachshund, wiener dog, sausage dog, doxie"
Brown Shorthair Dachshund Locket,"dog, puppy, pet, animal, dog mom, locket, keepsake, love, sentimental, dachshund, wiener dog, sausage dog, doxie"
Brown Sunglasses,"beach, summer, coastal, ocean, vacation, sunnies, pool, accessories, tortoise"
Bulldog Locket,"dog, puppy, pet, animal, dog mom, locket, keepsake, love, sentimental, bulldog"
Burger,"food, burger, cookout, bbq, american, summer"
Butter,"food, breakfast, baking, kitchen, cooking"
Butterfly,"nature, botanical, garden, outdoors, breakfast, baking, kitchen, cooking, butterfly, spring, whimsical"
Cactus,"nature, botanical, garden, outdoors, cactus, desert, southwest, plant"
California Border,"california, west coast, city, travel"
California Flag,"california, west coast, city, travel, flag, pride, souvenir"
Call Me Heart,"romance, love, valentine, valentines day, heart"
Cancer,"zodiac, astrology, horoscope, star sign, birthday, celestial, crab, june, july"
Candy Cane Bow,"holiday, winter, festive, christmas, candy cane, december, sweet, bow, ribbon, coquette, girly, preppy"
Candy Cane Heart,"holiday, winter, festive, christmas, candy cane, december, sweet, heart, love, valentine, valentines day"
Cane Corso,"dog, puppy, pet, animal, dog mom, fur baby, cane corso"
Cane Corso Locket,"dog, puppy, pet, animal, dog mom, locket, keepsake, love, sentimental, cane corso"
Capricorn,"zodiac, astrology, horoscope, star sign, birthday, celestial, goat, december, january"
Cards,"hobby, cards, poker, casino, games, game night, vegas"
Caviar,"food, caviar, luxury, fancy, seafood, party"
Caviar Latke,"holiday, winter, festive, hanukkah, jewish, chanukah, december, caviar, luxury, fancy, seafood, party, new years"
Champagne Bottle,"drink, drinks, champagne, celebration, party, new years, new years eve, wedding, bachelorette, toast, bubbly"
Champagne Glasses,"drink, drinks, champagne, celebration, party, new years, new years eve, wedding, bachelorette, toast, bubbly"
Charleston Iced Tea,"charleston, south carolina, southern, lowcountry, travel, tea, summer, drink, sweet tea"
Charleston Palm Tree,"charleston, south carolina, southern, lowcountry, travel, palm, tropical, vacation"
Charleston Pineapple,"charleston, south carolina, southern, lowcountry, travel, fruit, tropical, hospitality, welcome"
Charleston Row Houses,"charleston, south carolina, southern, lowcountry, travel, rainbow row, houses, architecture, landmark"
Charleston SC Palm Tree,"charleston, south carolina, southern, lowcountry, travel, palm, tropical, vacation"
Charleston Stamp,"charleston, south carolina, southern, lowcountry, travel, stamp, passport, souvenir"
Charleston Suitcase,"travel, vacation, trip, jet setter, wanderlust, suitcase, luggage, packing"
Cheese,"food, cheese, charcuterie, wine night, snack"
Cheetah A,"cheetah, animal print, leopard, letter, alphabet, initial, monogram"
Cheetah B,"cheetah, animal print, leopard, letter, alphabet, initial, monogram"
Cheetah C,"cheetah, animal print, leopard, letter, alphabet, initial, monogram"
Cheetah D,"cheetah, animal print, leopard, letter, alphabet, initial, monogram"
Cheetah E,"cheetah, animal print, leopard, letter, alphabet, initial, monogram"
Cheetah F,"cheetah, animal print, leopard, letter, alphabet, initial, monogram"
Cheetah G,"cheetah, animal print, leopard, letter, alphabet, initial, monogram"
Cheetah H,"cheetah, animal print, leopard, letter, alphabet, initial, monogram"
Cheetah I,"cheetah, animal print, leopard, letter, alphabet, initial, monogram"
Cheetah J,"cheetah, animal print, leopard, letter, alphabet, initial, monogram"
Cheetah K,"cheetah, animal print, leopard, letter, alphabet, initial, monogram"
Cheetah L,"cheetah, animal print, leopard, letter, alphabet, initial, monogram"
Cheetah M,"cheetah, animal print, leopard, letter, alphabet, initial, monogram"
Cheetah N,"cheetah, animal print, leopard, letter, alphabet, initial, monogram"
Cheetah O,"cheetah, animal print, leopard, letter, alphabet, initial, monogram"
Cheetah P,"cheetah, animal print, leopard, letter, alphabet, initial, monogram"
Cheetah Q,"cheetah, animal print, leopard, letter, alphabet, initial, monogram"
Cheetah R,"cheetah, animal print, leopard, letter, alphabet, initial, monogram"
Cheetah S,"cheetah, animal print, leopard, letter, alphabet, initial, monogram"
Cheetah T,"cheetah, animal print, leopard, letter, alphabet, initial, monogram"
Cheetah U,"cheetah, animal print, leopard, letter, alphabet, initial, monogram"
Cheetah V,"cheetah, animal print, leopard, letter, alphabet, initial, monogram"
Cheetah W,"cheetah, animal print, leopard, letter, alphabet, initial, monogram"
Cheetah X,"cheetah, animal print, leopard, letter, alphabet, initial, monogram"
Cheetah Y,"cheetah, animal print, leopard, letter, alphabet, initial, monogram"
Cheetah Z,"cheetah, animal print, leopard, letter, alphabet, initial, monogram"
Cherries,"popular, bestseller, fruit, cherry, sweet, summer, retro, coquette"
Cherry Blossom,"japan, japanese, asia, travel, floral, flower, spring, blossom"
Cherry Blossom Branch,"japan, japanese, asia, travel, floral, flower, spring, blossom"
Chicago Baseball Cap,"chicago, illinois, midwest, city, travel, baseball, sports, game day, ballpark"
Chicago Bean,"chicago, illinois, midwest, city, travel, landmark, skyline"
Chicago Deep Dish,"chicago, illinois, midwest, city, travel, pizza, italian"
Chicago Ferris Wheel,"chicago, illinois, midwest, city, travel, ferris wheel, navy pier, landmark, fair"
Chicago Flag,"chicago, illinois, midwest, city, travel, flag, pride, souvenir"
Chicago Heart,"chicago, illinois, midwest, city, travel, heart, love, valentine, valentines day"
Chicago Hot Dog Print,"chicago, illinois, midwest, city, travel, hot dog, cookout, bbq, ballpark, summer"
Chicago Hot Dog Script,"chicago, illinois, midwest, city, travel, hot dog, cookout, bbq, ballpark, summer"
Chicago Pennant,"chicago, illinois, midwest, city, travel, pennant, college, varsity, school spirit, game day, tailgate, dorm"
Chicago Popcorn,"chicago, illinois, midwest, city, travel, popcorn, snack, movie night"
Chicago Sign,"chicago, illinois, midwest, city, travel"
Chicago Skyline,"chicago, illinois, midwest, city, travel, landmark, skyline"
Chicago Wrigley Sign,"chicago, illinois, midwest, city, travel, baseball, ballpark, sports, landmark"
Chihuahua,"dog, puppy, pet, animal, dog mom, fur baby, chihuahua"
Chihuahua Locket,"dog, puppy, pet, animal, dog mom, locket, keepsake, love, sentimental, chihuahua"
Chocolate Ice Cream,"food, ice cream, dessert, sweet, summer, treat"
Chocolate Lab,"dog, puppy, pet, animal, dog mom, fur baby, lab, labrador, labrador retriever"
Chocolate Lab Locket,"dog, puppy, pet, animal, dog mom, locket, keepsake, love, sentimental, lab, labrador, labrador retriever"
Christmas Cocktail,"holiday, winter, festive, christmas, december, santa, tree, cocktail, party, bar"
Christmas Tree,"holiday, winter, festive, christmas, december, santa, tree"
Christmas Tree Truck,"holiday, winter, festive, christmas, december, santa, tree"
Cigarette,"hobby, cigarette, smoking, vice, retro"
Claw Clip,"hobby, hair, beauty, accessories"
Clover,"nature, botanical, garden, outdoors, clover, lucky, luck, irish, st patricks day, shamrock"
Cocker Spaniel,"dog, puppy, pet, animal, dog mom, fur baby, cocker spaniel"
Cocker Spaniel Locket,"dog, puppy, pet, animal, dog mom, locket, keepsake, love, sentimental, cocker spaniel"
Coffee,"drink, drinks, coffee, cafe, caffeine, morning"
Comb,"beauty, self care, vanity, glam, hair, accessories"
Convertible,"travel, vacation, trip, jet setter, wanderlust, car, road trip, retro, summer"
Convertible Beetle,"travel, vacation, trip, jet setter, wanderlust, car, road trip, retro, summer, vw, bug, beetle"
Corgi,"dog, puppy, pet, animal, dog mom, fur baby, corgi"
Corgi Locket,"dog, puppy, pet, animal, dog mom, locket, keepsake, love, sentimental, corgi"
Cowboy Boot,"popular, bestseller, western, cowboy, country, rodeo, nashville, bachelorette"
Cowboy Hat,"popular, bestseller, western, cowboy, country, rodeo, nashville, bachelorette"
Cowgirl Hat,"popular, bestseller, western, cowboy, country, rodeo, nashville, bachelorette"
Crab,"food, seafood, new england, coastal, summer, maryland"
Croissant,"food, bakery, breakfast, brunch, french, paris, pastry"
Cross Stitch A,"cross stitch, needlepoint, vintage, cottagecore, letter, alphabet, initial, monogram"
Cross Stitch Arrow Heart,"cross stitch, needlepoint, vintage, cottagecore, heart, love, valentine, valentines day"
Cross Stitch B,"cross stitch, needlepoint, vintage, cottagecore, letter, alphabet, initial, monogram"
Cross Stitch Bow,"cross stitch, needlepoint, vintage, cottagecore, bow, ribbon, coquette, girly, preppy"
Cross Stitch C,"cross stitch, needlepoint, vintage, cottagecore, letter, alphabet, initial, monogram"
Cross Stitch Cherries,"cross stitch, needlepoint, vintage, cottagecore, fruit, cherry, sweet, summer, retro, coquette"
Cross Stitch D,"cross stitch, needlepoint, vintage, cottagecore, letter, alphabet, initial, monogram"
Cross Stitch E,"cross stitch, needlepoint, vintage, cottagecore, letter, alphabet, initial, monogram"
Cross Stitch F,"cross stitch, needlepoint, vintage, cottagecore, letter, alphabet, initial, monogram"
Cross Stitch G,"cross stitch, needlepoint, vintage, cottagecore, letter, alphabet, initial, monogram"
Cross Stitch H,"cross stitch, needlepoint, vintage, cottagecore, letter, alphabet, initial, monogram"
Cross Stitch Heart,"cross stitch, needlepoint, vintage, cottagecore, heart, love, valentine, valentines day"
Cross Stitch I,"cross stitch, needlepoint, vintage, cottagecore, letter, alphabet, initial, monogram"
Cross Stitch J,"cross stitch, needlepoint, vintage, cottagecore, letter, alphabet, initial, monogram"
Cross Stitch K,"cross stitch, needlepoint, vintage, cottagecore, letter, alphabet, initial, monogram"
Cross Stitch L,"cross stitch, needlepoint, vintage, cottagecore, letter, alphabet, initial, monogram"
Cross Stitch M,"cross stitch, needlepoint, vintage, cottagecore, letter, alphabet, initial, monogram"
Cross Stitch Martini,"cross stitch, needlepoint, vintage, cottagecore, martini, cocktail, bar, happy hour, party, girls night"
Cross Stitch N,"cross stitch, needlepoint, vintage, cottagecore, letter, alphabet, initial, monogram"
Cross Stitch O,"cross stitch, needlepoint, vintage, cottagecore, letter, alphabet, initial, monogram"
Cross Stitch P,"cross stitch, needlepoint, vintage, cottagecore, letter, alphabet, initial, monogram"
Cross Stitch Q,"cross stitch, needlepoint, vintage, cottagecore, letter, alphabet, initial, monogram"
Cross Stitch R,"cross stitch, needlepoint, vintage, cottagecore, letter, alphabet, initial, monogram"
Cross Stitch Rose,"cross stitch, needlepoint, vintage, cottagecore, rose, floral, flower, love, valentine, romantic"
Cross Stitch S,"cross stitch, needlepoint, vintage, cottagecore, letter, alphabet, initial, monogram"
Cross Stitch T,"cross stitch, needlepoint, vintage, cottagecore, letter, alphabet, initial, monogram"
Cross Stitch U,"cross stitch, needlepoint, vintage, cottagecore, letter, alphabet, initial, monogram"
Cross Stitch V,"cross stitch, needlepoint, vintage, cottagecore, letter, alphabet, initial, monogram"
Cross Stitch W,"cross stitch, needlepoint, vintage, cottagecore, letter, alphabet, initial, monogram"
Cross Stitch X,"cross stitch, needlepoint, vintage, cottagecore, letter, alphabet, initial, monogram"
Cross Stitch Y,"cross stitch, needlepoint, vintage, cottagecore, letter, alphabet, initial, monogram"
Cross Stitch Z,"cross stitch, needlepoint, vintage, cottagecore, letter, alphabet, initial, monogram"
Crossed Candy Canes,"holiday, winter, festive, christmas, candy cane, december, sweet"
Daisy,"nature, botanical, garden, outdoors, floral, flower, daisy, spring, picnic"
Dallas Heart,"texas, southern, travel, heart, love, valentine, valentines day"
Dallas Pennant,"texas, southern, travel, pennant, college, varsity, school spirit, game day, tailgate, dorm"
Dalmatian,"dog, puppy, pet, animal, dog mom, fur baby, dalmatian"
Dalmatian Locket,"dog, puppy, pet, animal, dog mom, locket, keepsake, love, sentimental, dalmatian"
Dark Brown and White Basset Hound,"dog, puppy, pet, animal, dog mom, fur baby, basset hound"
Dark Grey Frenchie,"dog, puppy, pet, animal, dog mom, fur baby, frenchie, french bulldog"
Dark Grey Frenchie Locket,"dog, puppy, pet, animal, dog mom, locket, keepsake, love, sentimental, frenchie, french bulldog"
Diamond,"popular, bestseller, engagement, wedding, bride, bridal, jewelry, luxury, bling"
Dice,"popular, bestseller, dice, vegas, casino, games, lucky, bachelorette"
Diet Coke,"drink, drinks, soda, diet coke, caffeine, trendy, dc"
Doberman,"dog, puppy, pet, animal, dog mom, fur baby, doberman"
Doberman Locket,"dog, puppy, pet, animal, dog mom, locket, keepsake, love, sentimental, doberman"
Donut,"food, donut, dessert, sweet, breakfast, treat"
Egg,"food, breakfast, brunch, morning"
Eggplant,"food, vegetable, veggie, cooking, kitchen, garden, farmers market"
Eighth Note,"hobby, music, musician, band, musical notes, concert"
English Bulldog,"dog, puppy, pet, animal, dog mom, fur baby, bulldog"
English Saddle,"hobby, horse, equestrian, derby, riding"
Envelope,"romance, love, valentine, valentines day, letter, mail, love note, stationery"
Espresso,"drink, drinks, coffee, espresso, cafe, caffeine, italian"
Espresso Martini,"drink, drinks, martini, cocktail, bar, happy hour, party, girls night, espresso martini, coffee, trendy, espresso, cafe, caffeine, italian"
Evil Eye1,"hobby, evil eye, protection, spiritual, lucky, trendy"
Evil Eye2,"hobby, evil eye, protection, spiritual, lucky, trendy"
Fish Bone,"beach, summer, coastal, ocean, vacation, fish, nautical"
Flip Flops,"beach, summer, coastal, ocean, vacation, sandals, pool"
Fluffy Black Dog,"dog, puppy, pet, animal, dog mom, fur baby"
Fluffy Brown Dog,"dog, puppy, pet, animal, dog mom, fur baby"
Fluffy White Dog,"dog, puppy, pet, animal, dog mom, fur baby"
Fluffy White Dog Locket,"dog, puppy, pet, animal, dog mom, locket, keepsake, love, sentimental"
Football,"hobby, football, sports, game day, tailgate, college"
Four Olives on Toothpick,"popular, bestseller, martini, olive, cocktail, bar, happy hour"
Fries,"food, fries, snack, american"
Garlic,"food, vegetable, veggie, cooking, kitchen, garden, farmers market"
Gemini,"zodiac, astrology, horoscope, star sign, birthday, celestial, twins, may, june"
German Shepherd,"dog, puppy, pet, animal, dog mom, fur baby, german shepherd"
German Shepherd Locket,"dog, puppy, pet, animal, dog mom, locket, keepsake, love, sentimental, german shepherd"
German Shorthair Pointer,"dog, puppy, pet, animal, dog mom, fur baby"
German Shorthair Pointer Locket,"dog, puppy, pet, animal, dog mom, locket, keepsake, love, sentimental"
Gingerbread Man,"holiday, winter, festive, christmas, december, baking, cookie, sweet"
Golden Retriever,"dog, puppy, pet, animal, dog mom, fur baby, golden retriever, golden"
Golden Retriever Locket,"dog, puppy, pet, animal, dog mom, locket, keepsake, love, sentimental, golden retriever, golden"
Golf Bag,"hobby, golf, sports, country club, preppy, game day"
Golf Cart,"hobby, golf, sports, country club, preppy, game day"
Golf Clubs,"hobby, golf, sports, country club, preppy, game day"
Great Dane,"dog, puppy, pet, animal, dog mom, fur baby, great dane"
Great Dane Locket,"dog, puppy, pet, animal, dog mom, locket, keepsake, love, sentimental, great dane"
Green Hot Chocolate,"holiday, winter, festive, cocoa, christmas, december, cozy, drink"
Grey and White Long Hair Cat,"cat, kitten, pet, animal, cat mom"
Grey and White Short Hair Cat,"cat, kitten, pet, animal, cat mom"
Grey Long Hair Cat,"cat, kitten, pet, animal, cat mom"
Grey Rolling Suitcase,"travel, vacation, trip, jet setter, wanderlust, suitcase, luggage, packing"
Grey Short Hair Cat,"cat, kitten, pet, animal, cat mom"
Hair Brush,"beauty, self care, vanity, glam, hair, accessories"
Heart,"popular, bestseller, heart, love, valentine, valentines day"
Heart Dice,"romance, love, valentine, valentines day, heart, dice, vegas, casino, games, lucky, bachelorette"
Heart Outline,"popular, bestseller, heart, love, valentine, valentines day"
Heart Pizza,"food, heart, love, valentine, valentines day, pizza, italian, pizza night"
Heart Suit,"hobby, heart, love, valentine, valentines day"
Hibiscus,"nature, botanical, garden, outdoors, floral, flower, tropical, summer"
Holiday Shopping Bag,"holiday, winter, festive, christmas, december, shopping, gifts"
Honey Bear,"food, honey, bear, cute, kitchen, winnie"
Horseshoe,"hobby, horse, equestrian, lucky, luck, western, derby"
Hot Dog,"food, hot dog, cookout, bbq, ballpark, summer"
Hot Sauce,"food, spicy, hot sauce, condiment, kitchen"
Howdy,"texas, southern, travel, western, cowboy, country, rodeo, nashville"
Husky,"dog, puppy, pet, animal, dog mom, fur baby, husky, siberian husky"
Husky Locket,"dog, puppy, pet, animal, dog mom, locket, keepsake, love, sentimental, husky, siberian husky"
I heart NY Shirt,"new york, nyc, east coast, city, travel, heart, love, valentine, valentines day, souvenir"
I Love ATX,"texas, southern, travel, souvenir, love"
I Love BOS,"boston, massachusetts, new england, east coast, city, travel, souvenir, love"
I Love CHI,"chicago, illinois, midwest, city, travel, souvenir, love"
I Love CHS,"charleston, south carolina, southern, lowcountry, travel, souvenir, love"
I Love DTX,"texas, southern, travel, souvenir, love"
I Love LA,"california, west coast, city, travel, souvenir, love"
I Love NY,"new york, nyc, east coast, city, travel, souvenir, love"
I Love SF,"california, west coast, city, travel, souvenir, love"
Ice Cream,"food, ice cream, dessert, sweet, summer, treat"
Ice Skate,"holiday, winter, festive, ice skating, winter sports"
Ice Skater,"holiday, winter, festive, ice skating, winter sports, figure skating"
Italian Greyhound,"dog, puppy, pet, animal, dog mom, fur baby, greyhound, italian greyhound, iggy"
Italian Greyhound Locket,"dog, puppy, pet, animal, dog mom, locket, keepsake, love, sentimental, greyhound, italian greyhound, iggy"
Jack of Hearts,"hobby, heart, love, valentine, valentines day, cards, poker, casino, games, game night, vegas"
Japan Flag,"japan, japanese, asia, travel, flag, pride, souvenir"
Japan Kanji,"japan, japanese, asia, travel, landmark, tokyo"
Japan Stamp,"japan, japanese, asia, travel, stamp, passport, souvenir"
Joint,"hobby, weed, cannabis, 420"
King of Hearts,"hobby, heart, love, valentine, valentines day, cards, poker, casino, games, game night, vegas"
LA Clapboard,"california, west coast, city, travel, los angeles, landmark"
LA Heart,"california, west coast, city, travel, heart, love, valentine, valentines day"
LA Lifeguard Tower,"california, west coast, city, travel, los angeles, landmark"
LA Logo,"california, west coast, city, travel"
LA Pennant,"california, west coast, city, travel, pennant, college, varsity, school spirit, game day, tailgate, dorm"
LA Rodeo Drive Sign,"california, west coast, city, travel, los angeles, landmark"
LA Smoothie,"california, west coast, city, travel"
LA Vintage Car,"california, west coast, city, travel, car, retro, classic"
Lace Heart,"romance, love, valentine, valentines day, heart"
Lake Michigan,"chicago, illinois, midwest, city, travel, lake, summer, beach, great lakes"
Latke Bear,"hobby, hanukkah, jewish, chanukah, december, bear, cute"
Lemon,"food, fruit, lemon, citrus, summer, amalfi, italian"
Lemon Slice,"food, fruit, lemon, citrus, summer, amalfi, italian"
Leo,"zodiac, astrology, horoscope, star sign, birthday, celestial, lion, july, august"
Libra,"zodiac, astrology, horoscope, star sign, birthday, celestial, scales, september, october"
Light Blue Pickleball Paddles,"hobby, pickleball, paddle, sports, country club, trendy"
Lighter,"hobby, lighter, fire, smoking, retro"
Lime Slice,"food, fruit, lime, citrus, cocktail"
Lingerie,"romance, love, valentine, valentines day, bridal, bachelorette, bride, honeymoon"
Lip Balms,"beauty, self care, vanity, glam, lip balm, skincare"
Lips,"popular, bestseller, lips, kiss, love, valentine, glam, beauty"
Lipstick,"hobby, makeup, beauty, glam, lips"
Lobster,"food, seafood, new england, cape cod, coastal, nautical, summer, maine"
Lock & Key,"romance, love, valentine, valentines day, keepsake, sentimental"
Locket Filled,"romance, love, valentine, valentines day, keepsake, sentimental"
Locket Filled Bow,"romance, love, valentine, valentines day, keepsake, sentimental, bow, ribbon, coquette, girly, preppy"
Long Bow,"romance, love, valentine, valentines day, bow, ribbon, coquette, girly, preppy"
Long Hair Calico Cat,"cat, kitten, pet, animal, cat mom, calico"
Long Hair Striped Cat,"cat, kitten, pet, animal, cat mom"
Longhair Black and White Cat Locket,"cat, kitten, pet, animal, cat mom, locket, keepsake, love, sentimental"
Longhair Black Cat Locket,"cat, kitten, pet, animal, cat mom, locket, keepsake, love, sentimental"
Longhair Brown and White Cat Locket,"cat, kitten, pet, animal, cat mom, locket, keepsake, love, sentimental"
Longhair Brown Cat Locket,"cat, kitten, pet, animal, cat mom, locket, keepsake, love, sentimental"
Longhair Calico Cat Locket,"cat, kitten, pet, animal, cat mom, locket, keepsake, love, sentimental, calico"
Longhair Grey and White Striped Cat Locket,"cat, kitten, pet, animal, cat mom, locket, keepsake, love, sentimental"
Longhair Grey Cat Locket,"cat, kitten, pet, animal, cat mom, locket, keepsake, love, sentimental"
Longhair Grey Striped Cat Locket,"cat, kitten, pet, animal, cat mom, locket, keepsake, love, sentimental"
Longhair Orange and White Cat Locket,"cat, kitten, pet, animal, cat mom, locket, keepsake, love, sentimental"
Longhair Orange Cat Locket,"cat, kitten, pet, animal, cat mom, locket, keepsake, love, sentimental"
Longhair Shi Tzu,"dog, puppy, pet, animal, dog mom, fur baby, shih tzu, shi tzu"
Longhair Shi Tzu Locket,"dog, puppy, pet, animal, dog mom, locket, keepsake, love, sentimental, shih tzu, shi tzu"
Longhair Striped Cat Locket,"cat, kitten, pet, animal, cat mom, locket, keepsake, love, sentimental"
Longhair White Cat Locket,"cat, kitten, pet, animal, cat mom, locket, keepsake, love, sentimental"
Love You Heart,"romance, love, valentine, valentines day, heart"
Lover Arrow Heart,"romance, love, valentine, valentines day, heart"
Lover Heart,"romance, love, valentine, valentines day, heart"
Lover Locket,"romance, love, valentine, valentines day, keepsake, sentimental"
Lucky Cat,"japan, japanese, asia, travel, lucky, luck, fortune"
Lucky Cat Kanji,"japan, japanese, asia, travel, lucky, luck, fortune, landmark, tokyo"
Makeup Brushes,"beauty, self care, vanity, glam, makeup, girls night"
Margarita,"drink, drinks, margarita, cocktail, mexican, fiesta, cinco de mayo, happy hour, summer"
Martini,"drink, drinks, martini, cocktail, bar, happy hour, party, girls night"
Matcha,"drink, drinks, matcha, tea, cafe, trendy, green"
Matches,"popular, bestseller, matches, matchbook, fire, bar, vintage, hotel"
Menorah,"holiday, winter, festive, hanukkah, jewish, chanukah, december"
MetroCard,"new york, nyc, east coast, city, travel, subway, transit"
Moped,"hobby, moped, vespa, europe, italy, travel"
Nail Polish,"hobby, makeup, beauty, glam, girls night"
Navy Suitcase,"travel, vacation, trip, jet setter, wanderlust, suitcase, luggage, packing"
Negroni,"drink, drinks, cocktail, italian, bar, happy hour"
New York Apple,"new york, nyc, east coast, city, travel, fruit, apple, fall, orchard, teacher, school, big apple"
New York Heart,"new york, nyc, east coast, city, travel, heart, love, valentine, valentines day"
New York Hot Dog,"new york, nyc, east coast, city, travel, hot dog, cookout, bbq, ballpark, summer"
New York Pennant,"new york, nyc, east coast, city, travel, pennant, college, varsity, school spirit, game day, tailgate, dorm"
NY Pizza,"new york, nyc, east coast, city, travel, pizza, italian, pizza night"
Old Fashioned,"drink, drinks, cocktail, whiskey, bar, happy hour"
Olive,"food, martini, cocktail, mediterranean, snack"
Olive on Toothpick,"popular, bestseller, martini, olive, cocktail, bar, happy hour"
One Piece Swimsuit,"beach, summer, coastal, ocean, vacation, swim, pool"
Orange and White Long Hair Cat,"cat, kitten, pet, animal, cat mom"
Orange and White Short Hair Cat,"cat, kitten, pet, animal, cat mom"
Orange Cavalier,"dog, puppy, pet, animal, dog mom, fur baby, cavalier, king charles spaniel, cavalier king charles"
Orange Cavalier King Charles Spaniel Locket,"dog, puppy, pet, animal, dog mom, locket, keepsake, love, sentimental, cavalier, king charles spaniel, cavalier king charles"
Orange Long Hair Cat,"cat, kitten, pet, animal, cat mom"
Orange Short Hair Cat,"cat, kitten, pet, animal, cat mom"
Oyster,"food, seafood, new england, coastal, raw bar, summer"
Ozempic Vial,"beauty, self care, vanity, glam, medicine, pharmacy, meds, prescription, funny"
Passport,"travel, vacation, trip, jet setter, wanderlust, passport, international, airport"
Peach,"food, fruit, peach, summer, georgia, sweet"
Pepper,"food, vegetable, veggie, cooking, kitchen, garden, farmers market"
Perfume Bottle,"beauty, self care, vanity, glam, perfume, fragrance"
Pickleball Paddle,"hobby, pickleball, paddle, sports, country club, trendy"
Pickleball Paddles,"hobby, pickleball, paddle, sports, country club, trendy"
Pigeon,"new york, nyc, east coast, city, travel, bird"
Pill Bottle,"beauty, self care, vanity, glam, medicine, pharmacy, meds, prescription, funny"
Pills,"beauty, self care, vanity, glam, medicine, pharmacy, meds, prescription, funny"
Pink Flower,"nature, botanical, garden, outdoors, floral, flower, spring"
Pink Lighter,"hobby, lighter, fire, smoking, retro"
Pink Lip Balms,"beauty, self care, vanity, glam, lip balm, skincare"
Pink Plaid A,"plaid, tartan, preppy, letter, alphabet, initial, monogram"
Pink Plaid B,"plaid, tartan, preppy, letter, alphabet, initial, monogram"
Pink Plaid C,"plaid, tartan, preppy, letter, alphabet, initial, monogram"
Pink Plaid D,"plaid, tartan, preppy, letter, alphabet, initial, monogram"
Pink Plaid E,"plaid, tartan, preppy, letter, alphabet, initial, monogram"
Pink Plaid F,"plaid, tartan, preppy, letter, alphabet, initial, monogram"
Pink Plaid G,"plaid, tartan, preppy, letter, alphabet, initial, monogram"
Pink Plaid H,"plaid, tartan, preppy, letter, alphabet, initial, monogram"
Pink Plaid I,"plaid, tartan, preppy, letter, alphabet, initial, monogram"
Pink Plaid J,"plaid, tartan, preppy, letter, alphabet, initial, monogram"
Pink Plaid K,"plaid, tartan, preppy, letter, alphabet, initial, monogram"
Pink Plaid L,"plaid, tartan, preppy, letter, alphabet, initial, monogram"
Pink Plaid M,"plaid, tartan, preppy, letter, alphabet, initial, monogram"
Pink Plaid N,"plaid, tartan, preppy, letter, alphabet, initial, monogram"
Pink Plaid O,"plaid, tartan, preppy, letter, alphabet, initial, monogram"
Pink Plaid P,"plaid, tartan, preppy, letter, alphabet, initial, monogram"
Pink Plaid Q,"plaid, tartan, preppy, letter, alphabet, initial, monogram"
Pink Plaid R,"plaid, tartan, preppy, letter, alphabet, initial, monogram"
Pink Plaid S,"plaid, tartan, preppy, letter, alphabet, initial, monogram"
Pink Plaid T,"plaid, tartan, preppy, letter, alphabet, initial, monogram"
Pink Plaid U,"plaid, tartan, preppy, letter, alphabet, initial, monogram"
Pink Plaid V,"plaid, tartan, preppy, letter, alphabet, initial, monogram"
Pink Plaid W,"plaid, tartan, preppy, letter, alphabet, initial, monogram"
Pink Plaid X,"plaid, tartan, preppy, letter, alphabet, initial, monogram"
Pink Plaid Y,"plaid, tartan, preppy, letter, alphabet, initial, monogram"
Pink Plaid Z,"plaid, tartan, preppy, letter, alphabet, initial, monogram"
Pink Suitcase,"travel, vacation, trip, jet setter, wanderlust, suitcase, luggage, packing"
Pink Sunglasses,"beach, summer, coastal, ocean, vacation, sunnies, pool, accessories"
Pink Tennis,"hobby, tennis, racket, racquet, sports, country club, preppy"
Pink Tennis Raquets,"hobby, tennis, racket, racquet, sports, country club, preppy"
Pisces,"zodiac, astrology, horoscope, star sign, birthday, celestial, fish, february, march"
Pit Bull,"dog, puppy, pet, animal, dog mom, fur baby, pit bull, pitbull"
Pit Bull Locket,"dog, puppy, pet, animal, dog mom, locket, keepsake, love, sentimental, pit bull, pitbull"
Pizza,"food, pizza, italian, pizza night"
Plane Window,"travel, vacation, trip, jet setter, wanderlust, airplane, flight, airport"
Pomeranian,"dog, puppy, pet, animal, dog mom, fur baby, pomeranian, pom"
Pomeranian Locket,"dog, puppy, pet, animal, dog mom, locket, keepsake, love, sentimental, pomeranian, pom"
Poodle,"dog, puppy, pet, animal, dog mom, fur baby, poodle"
Poodle Locket,"dog, puppy, pet, animal, dog mom, locket, keepsake, love, sentimental, poodle"
Popcorn,"food, popcorn, snack, movie night"
Pretzel,"food, pretzel, snack, new york, street food"
Prozac,"beauty, self care, vanity, glam, medicine, pharmacy, meds, prescription, funny"
Pug Locket,"dog, puppy, pet, animal, dog mom, locket, keepsake, love, sentimental, pug"
Purple Hydrangea,"nature, botanical, garden, outdoors, floral, flower, hydrangea, cape cod, preppy, spring, summer"
Quarter Note,"hobby, music, musician, band, musical notes, concert"
Queen of Hearts,"hobby, heart, love, valentine, valentines day, cards, poker, casino, games, game night, vegas"
Ralph's Coffee,"drink, drinks, coffee, cafe, caffeine, morning, ralph lauren, preppy"
Ralph's Iced Coffee,"drink, drinks, coffee, cafe, caffeine, morning, iced coffee, ralph lauren, preppy"
Red Hot Chocolate,"holiday, winter, festive, cocoa, christmas, december, cozy, drink"
Red Mushroom,"popular, bestseller, mushroom, cottagecore, whimsical, nature, fall, toadstool, super mario"
Red Rolling Suitcase,"travel, vacation, trip, jet setter, wanderlust, suitcase, luggage, packing"
Red Rose,"popular, bestseller, rose, floral, flower, love, valentine, romantic"
Reindeer,"holiday, winter, festive, christmas, december, santa"
Ring,"romance, love, valentine, valentines day, engagement, wedding, bride, bridal, proposal, jewelry"
Ring Box,"romance, love, valentine, valentines day, engagement, wedding, bride, bridal, proposal, jewelry"
Rose,"popular, bestseller, rose, floral, flower, love, valentine, romantic"
Rosebud,"nature, botanical, garden, outdoors, rose, floral, flower, love, valentine, romantic"
Rottweiler,"dog, puppy, pet, animal, dog mom, fur baby, rottweiler"
Rottweiler Locket,"dog, puppy, pet, animal, dog mom, locket, keepsake, love, sentimental, rottweiler"
Round Perfume,"beauty, self care, vanity, glam, perfume, fragrance"
Running Horse,"hobby, horse, equestrian, derby, kentucky derby"
Rx,"beauty, self care, vanity, glam, medicine, pharmacy, meds, prescription, funny"
Sagittarius,"zodiac, astrology, horoscope, star sign, birthday, celestial, archer, november, december"
Sailboat,"beach, summer, coastal, ocean, vacation, nautical, new england, cape cod, sailing, lake"
Samoyed,"dog, puppy, pet, animal, dog mom, fur baby, samoyed"
Samoyed Locket,"dog, puppy, pet, animal, dog mom, locket, keepsake, love, sentimental, samoyed"
San Diego Heart,"california, west coast, city, travel, heart, love, valentine, valentines day"
San Diego Pennant,"california, west coast, city, travel, pennant, college, varsity, school spirit, game day, tailgate, dorm"
San Francisco Cable Car,"california, west coast, city, travel, san francisco, landmark"
San Francisco Golden Gate Bridge,"california, west coast, city, travel, san francisco, landmark"
San Francisco Heart,"california, west coast, city, travel, heart, love, valentine, valentines day"
San Francisco Painted Ladies,"california, west coast, city, travel, san francisco, landmark"
San Francisco Pennant,"california, west coast, city, travel, pennant, college, varsity, school spirit, game day, tailgate, dorm"
San Francisco Sea Lion,"california, west coast, city, travel, sea lion, animal, wildlife, san francisco"
Santa Hat,"holiday, winter, festive, christmas, december, santa"
Sardines,"food, seafood, fish, tinned fish, coastal"
Schnauzer,"dog, puppy, pet, animal, dog mom, fur baby, schnauzer"
Schnauzer Locket,"dog, puppy, pet, animal, dog mom, locket, keepsake, love, sentimental, schnauzer"
Scorpio,"zodiac, astrology, horoscope, star sign, birthday, celestial, scorpion, october, november"
Scottish Terrier,"dog, puppy, pet, animal, dog mom, fur baby, scottie, scottish terrier"
Scottish Terrier Locket,"dog, puppy, pet, animal, dog mom, locket, keepsake, love, sentimental, scottie, scottish terrier"
Seashell,"beach, summer, coastal, ocean, vacation, shell, nautical, cape cod"
Sheet Mask,"beauty, self care, vanity, glam, skincare, spa"
Shiba Inu,"dog, puppy, pet, animal, dog mom, fur baby, shiba inu, shiba"
Shiba Inu Locket,"dog, puppy, pet, animal, dog mom, locket, keepsake, love, sentimental, shiba inu, shiba"
Short Hair Calico Cat,"cat, kitten, pet, animal, cat mom, calico"
Short Hair Striped Cat,"cat, kitten, pet, animal, cat mom"
Shorthair Black and White Cat Locket,"cat, kitten, pet, animal, cat mom, locket, keepsake, love, sentimental"
Shorthair Black Cat Locket,"cat, kitten, pet, animal, cat mom, locket, keepsake, love, sentimental"
Shorthair Brown and White Cat Locket,"cat, kitten, pet, animal, cat mom, locket, keepsake, love, sentimental"
Shorthair Brown Cat Locket,"cat, kitten, pet, animal, cat mom, locket, keepsake, love, sentimental"
Shorthair Calico Cat Locket,"cat, kitten, pet, animal, cat mom, locket, keepsake, love, sentimental, calico"
Shorthair Grey and White Cat Locket,"cat, kitten, pet, animal, cat mom, locket, keepsake, love, sentimental"
Shorthair Grey Cat Locket,"cat, kitten, pet, animal, cat mom, locket, keepsake, love, sentimental"
Shorthair Grey Striped Cat Locket,"cat, kitten, pet, animal, cat mom, locket, keepsake, love, sentimental"
Shorthair Orange and White Cat Locket,"cat, kitten, pet, animal, cat mom, locket, keepsake, love, sentimental"
Shorthair Orange Cat Locket,"cat, kitten, pet, animal, cat mom, locket, keepsake, love, sentimental"
Shorthair Shi Tzu,"dog, puppy, pet, animal, dog mom, fur baby, shih tzu, shi tzu"
Shorthair Shi Tzu Locket,"dog, puppy, pet, animal, dog mom, locket, keepsake, love, sentimental, shih tzu, shi tzu"
Shorthair Striped Cat Locket,"cat, kitten, pet, animal, cat mom, locket, keepsake, love, sentimental"
Shorthair White Cat Locket,"cat, kitten, pet, animal, cat mom, locket, keepsake, love, sentimental"
Shrimp,"food, seafood, coastal"
Shrimp Sashimi,"japan, japanese, asia, travel, sushi, seafood, asian, coastal"
Siamese Cat,"cat, kitten, pet, animal, cat mom, siamese"
Siamese Cat Locket,"cat, kitten, pet, animal, cat mom, locket, keepsake, love, sentimental, siamese"
Ski Aussie Shepherd,"ski, skiing, winter, snow, mountain, apres ski, dog, puppy, pet, animal, dog mom, winter sports, sports, aussie, australian shepherd"
Ski Beagle,"ski, skiing, winter, snow, mountain, apres ski, dog, puppy, pet, animal, dog mom, winter sports, sports, beagle"
Ski Bernedoodle,"ski, skiing, winter, snow, mountain, apres ski, dog, puppy, pet, animal, dog mom, winter sports, sports, doodle, goldendoodle, bernedoodle"
Ski Bernese Mountain Dog,"ski, skiing, winter, snow, mountain, apres ski, dog, puppy, pet, animal, dog mom, winter sports, sports, bernese mountain dog, berner"
Ski Black And Tan Longhair Dachshund,"ski, skiing, winter, snow, mountain, apres ski, dog, puppy, pet, animal, dog mom, winter sports, sports, dachshund, wiener dog, sausage dog, doxie"
Ski Black and Tan Pomeranian,"ski, skiing, winter, snow, mountain, apres ski, dog, puppy, pet, animal, dog mom, winter sports, sports, pomeranian, pom"
Ski Black and Tan Shorthair Dachshund,"ski, skiing, winter, snow, mountain, apres ski, dog, puppy, pet, animal, dog mom, winter sports, sports, dachshund, wiener dog, sausage dog, doxie"
Ski Black Cavalier,"ski, skiing, winter, snow, mountain, apres ski, dog, puppy, pet, animal, dog mom, winter sports, sports, cavalier, king charles spaniel, cavalier king charles"
Ski Black Doodle,"ski, skiing, winter, snow, mountain, apres ski, dog, puppy, pet, animal, dog mom, winter sports, sports, doodle, goldendoodle"
Ski Black Lab,"ski, skiing, winter, snow, mountain, apres ski, dog, puppy, pet, animal, dog mom, winter sports, sports, lab, labrador, labrador retriever"
Ski Black Longhair Dachshund,"ski, skiing, winter, snow, mountain, apres ski, dog, puppy, pet, animal, dog mom, winter sports, sports, dachshund, wiener dog, sausage dog, doxie"
Ski Black Pug,"ski, skiing, winter, snow, mountain, apres ski, dog, puppy, pet, animal, dog mom, winter sports, sports, pug"
Ski Black Shorthair Dachshund,"ski, skiing, winter, snow, mountain, apres ski, dog, puppy, pet, animal, dog mom, winter sports, sports, dachshund, wiener dog, sausage dog, doxie"
Ski Blonde Doodle,"ski, skiing, winter, snow, mountain, apres ski, dog, puppy, pet, animal, dog mom, winter sports, sports, doodle, goldendoodle"
Ski Blonde Longhair Dachshund,"ski, skiing, winter, snow, mountain, apres ski, dog, puppy, pet, animal, dog mom, winter sports, sports, dachshund, wiener dog, sausage dog, doxie"
Ski Blonde Shorthair Dachshund,"ski, skiing, winter, snow, mountain, apres ski, dog, puppy, pet, animal, dog mom, winter sports, sports, dachshund, wiener dog, sausage dog, doxie"
Ski Boot,"hobby, ski, skiing, winter, snow, mountain, apres ski, winter sports, sports"
Ski Border Collie,"ski, skiing, winter, snow, mountain, apres ski, dog, puppy, pet, animal, dog mom, winter sports, sports, border collie, collie"
Ski Boston Terrier,"ski, skiing, winter, snow, mountain, apres ski, dog, puppy, pet, animal, dog mom, winter sports, sports, boston terrier"
Ski Boxer,"ski, skiing, winter, snow, mountain, apres ski, dog, puppy, pet, animal, dog mom, winter sports, sports, boxer"
Ski Brown And White Basset Hound,"ski, skiing, winter, snow, mountain, apres ski, dog, puppy, pet, animal, dog mom, winter sports, sports, basset hound"
Ski Brown Doodle,"ski, skiing, winter, snow, mountain, apres ski, dog, puppy, pet, animal, dog mom, winter sports, sports, doodle, goldendoodle"
Ski Brown Longhair Dachshund,"ski, skiing, winter, snow, mountain, apres ski, dog, puppy, pet, animal, dog mom, winter sports, sports, dachshund, wiener dog, sausage dog, doxie"
Ski Brown Shorthair Dachshund,"ski, skiing, winter, snow, mountain, apres ski, dog, puppy, pet, animal, dog mom, winter sports, sports, dachshund, wiener dog, sausage dog, doxie"
Ski Cane Corso,"ski, skiing, winter, snow, mountain, apres ski, dog, puppy, pet, animal, dog mom, winter sports, sports, cane corso"
Ski Chihuahua,"ski, skiing, winter, snow, mountain, apres ski, dog, puppy, pet, animal, dog mom, winter sports, sports, chihuahua"
Ski Chocolate Lab,"ski, skiing, winter, snow, mountain, apres ski, dog, puppy, pet, animal, dog mom, winter sports, sports, lab, labrador, labrador retriever"
Ski Cockerspaniel,"ski, skiing, winter, snow, mountain, apres ski, dog, puppy, pet, animal, dog mom, winter sports, sports, cocker spaniel"
Ski Corgi,"ski, skiing, winter, snow, mountain, apres ski, dog, puppy, pet, animal, dog mom, winter sports, sports, corgi"
Ski Dalmatian,"ski, skiing, winter, snow, mountain, apres ski, dog, puppy, pet, animal, dog mom, winter sports, sports, dalmatian"
Ski Dark Brown And White Basset Hound,"ski, skiing, winter, snow, mountain, apres ski, dog, puppy, pet, animal, dog mom, winter sports, sports, basset hound"
Ski Doberman,"ski, skiing, winter, snow, mountain, apres ski, dog, puppy, pet, animal, dog mom, winter sports, sports, doberman"
Ski English Bulldog,"ski, skiing, winter, snow, mountain, apres ski, dog, puppy, pet, animal, dog mom, winter sports, sports, bulldog"
Ski Fluffy White Dog,"ski, skiing, winter, snow, mountain, apres ski, dog, puppy, pet, animal, dog mom, winter sports, sports"
Ski German Shorthair Pointer,"ski, skiing, winter, snow, mountain, apres ski, dog, puppy, pet, animal, dog mom, winter sports, sports"
Ski Goggles,"hobby, ski, skiing, winter, snow, mountain, apres ski, winter sports, sports"
Ski Golden Retriever,"ski, skiing, winter, snow, mountain, apres ski, dog, puppy, pet, animal, dog mom, winter sports, sports, golden retriever, golden"
Ski Great Dane,"ski, skiing, winter, snow, mountain, apres ski, dog, puppy, pet, animal, dog mom, winter sports, sports, great dane"
Ski Husky,"ski, skiing, winter, snow, mountain, apres ski, dog, puppy, pet, animal, dog mom, winter sports, sports, husky, siberian husky"
Ski Italian Greyhound,"ski, skiing, winter, snow, mountain, apres ski, dog, puppy, pet, animal, dog mom, winter sports, sports, greyhound, italian greyhound, iggy"
Ski Lift,"hobby, ski, skiing, winter, snow, mountain, apres ski, winter sports, sports"
Ski Longhair Shi Tzu,"ski, skiing, winter, snow, mountain, apres ski, dog, puppy, pet, animal, dog mom, winter sports, sports, shih tzu, shi tzu"
Ski Orange Cavalier,"ski, skiing, winter, snow, mountain, apres ski, dog, puppy, pet, animal, dog mom, winter sports, sports, cavalier, king charles spaniel, cavalier king charles"
Ski Pass,"hobby, ski, skiing, winter, snow, mountain, apres ski, winter sports, sports"
Ski Poodle,"ski, skiing, winter, snow, mountain, apres ski, dog, puppy, pet, animal, dog mom, winter sports, sports, poodle"
Ski Rottweiler,"ski, skiing, winter, snow, mountain, apres ski, dog, puppy, pet, animal, dog mom, winter sports, sports, rottweiler"
Ski Samoyed,"ski, skiing, winter, snow, mountain, apres ski, dog, puppy, pet, animal, dog mom, winter sports, sports, samoyed"
Ski Schnauzer,"ski, skiing, winter, snow, mountain, apres ski, dog, puppy, pet, animal, dog mom, winter sports, sports, schnauzer"
Ski Scottie,"ski, skiing, winter, snow, mountain, apres ski, dog, puppy, pet, animal, dog mom, winter sports, sports, scottie, scottish terrier"
Ski Shiba Inu,"ski, skiing, winter, snow, mountain, apres ski, dog, puppy, pet, animal, dog mom, winter sports, sports, shiba inu, shiba"
Ski Shorthair Shih Tzu,"ski, skiing, winter, snow, mountain, apres ski, dog, puppy, pet, animal, dog mom, winter sports, sports, shih tzu, shi tzu"
Ski Tan And Grey Frenchie,"ski, skiing, winter, snow, mountain, apres ski, dog, puppy, pet, animal, dog mom, winter sports, sports, frenchie, french bulldog"
Ski Tan Frenchie,"ski, skiing, winter, snow, mountain, apres ski, dog, puppy, pet, animal, dog mom, winter sports, sports, frenchie, french bulldog"
Ski Tan Pomeranian,"ski, skiing, winter, snow, mountain, apres ski, dog, puppy, pet, animal, dog mom, winter sports, sports, pomeranian, pom"
Ski Tan Pug,"ski, skiing, winter, snow, mountain, apres ski, dog, puppy, pet, animal, dog mom, winter sports, sports, pug"
Ski Westie,"ski, skiing, winter, snow, mountain, apres ski, dog, puppy, pet, animal, dog mom, winter sports, sports, westie, west highland terrier"
Ski White And Grey Frenchie,"ski, skiing, winter, snow, mountain, apres ski, dog, puppy, pet, animal, dog mom, winter sports, sports, frenchie, french bulldog"
Ski White Frenchie,"ski, skiing, winter, snow, mountain, apres ski, dog, puppy, pet, animal, dog mom, winter sports, sports, frenchie, french bulldog"
Ski Yellow Lab,"ski, skiing, winter, snow, mountain, apres ski, dog, puppy, pet, animal, dog mom, winter sports, sports, lab, labrador, labrador retriever"
Ski Yorkie,"ski, skiing, winter, snow, mountain, apres ski, dog, puppy, pet, animal, dog mom, winter sports, sports, yorkie, yorkshire terrier"
Skier,"hobby, ski, skiing, winter, snow, mountain, apres ski, winter sports, sports"
Skis,"hobby, ski, skiing, winter, snow, mountain, apres ski, winter sports, sports"
Slot Machine,"hobby, vegas, casino, games, gambling, lucky"
Smile Pancakes,"food, breakfast, brunch, morning, smiley, happy, fun, retro"
Smiley Face,"hobby, smiley, happy, fun, retro"
Snowboard,"hobby, snowboard, snowboarding, winter, snow, mountain, winter sports, sports"
Snowflake,"holiday, winter, festive, snow, christmas, december"
Soy Sauce,"food, takeout, asian, chinese, noodles"
Spicy Marg,"drink, drinks, margarita, cocktail, mexican, fiesta, cinco de mayo, happy hour, summer"
Spotted Pit Bull,"dog, puppy, pet, animal, dog mom, fur baby, pit bull, pitbull"
Sriracha,"food, spicy, hot sauce, condiment, kitchen"
Stack of Books,"hobby, books, reading, book club, school, college, study"
Standing Horse,"hobby, horse, equestrian, derby, kentucky derby"
Star,"hobby, star, celestial, night sky"
Statue of Liberty,"new york, nyc, east coast, city, travel, usa, patriotic, america, landmark"
Statue of Liberty Head,"new york, nyc, east coast, city, travel, usa, patriotic, america, landmark"
Steak,"food, steak, grill, bbq, dinner"
Stocking,"holiday, winter, festive, christmas, december, santa"
Strawberry,"food, fruit, berry, sweet, summer, picnic"
Strawberry Candy,"food, fruit, berry, sweet, summer, picnic, candy, grandma, nostalgic"
Summer Sun,"beach, summer, coastal, ocean, vacation, sun, sunshine"
Sun,"nature, botanical, garden, outdoors, sun, sunshine, summer"
Sun Tan Lotion,"beach, summer, coastal, ocean, vacation, pool, skincare, sun, sunshine"
Sunscreen,"beach, summer, coastal, ocean, vacation, pool, skincare"
Surf Board,"beach, summer, coastal, ocean, vacation, surf, surfing, sports"
Sushi Nigiri,"food, sushi, japanese, seafood, asian"
Sushi Roll,"food, sushi, japanese, seafood, asian"
Swans,"romance, love, valentine, valentines day, bird, wedding, romantic"
Swirl Ice Cream,"food, ice cream, dessert, sweet, summer, treat"
Taco,"food, taco, mexican, fiesta, cinco de mayo, taco tuesday"
Takeout,"food, takeout, asian, chinese, noodles"
Tan and Dark Grey Frenchie,"dog, puppy, pet, animal, dog mom, fur baby, frenchie, french bulldog"
Tan Frenchie,"dog, puppy, pet, animal, dog mom, fur baby, frenchie, french bulldog"
Tan Frenchie Locket,"dog, puppy, pet, animal, dog mom, locket, keepsake, love, sentimental, frenchie, french bulldog"
Tan Longhair Dachshund,"dog, puppy, pet, animal, dog mom, fur baby, dachshund, wiener dog, sausage dog, doxie"
Tan Longhair Dachshund Locket,"dog, puppy, pet, animal, dog mom, locket, keepsake, love, sentimental, dachshund, wiener dog, sausage dog, doxie"
Tan Shorthair Dachshund,"dog, puppy, pet, animal, dog mom, fur baby, dachshund, wiener dog, sausage dog, doxie"
Tan Shorthair Dachshund Locket,"dog, puppy, pet, animal, dog mom, locket, keepsake, love, sentimental, dachshund, wiener dog, sausage dog, doxie"
Taurus,"zodiac, astrology, horoscope, star sign, birthday, celestial, bull, april, may"
Taxi,"popular, bestseller, taxi, new york, nyc, city, yellow cab"
Taxi Snowglobe,"holiday, winter, festive, christmas, december, snow, taxi, new york, nyc, city, souvenir"
Tennis,"hobby, tennis, racket, racquet, sports, country club, preppy"
Tennis Raquets,"hobby, tennis, racket, racquet, sports, country club, preppy"
Texas Outline,"texas, southern, travel"
Three Fish,"beach, summer, coastal, ocean, vacation, fish, nautical"
Three Olives on Toothpick,"popular, bestseller, martini, olive, cocktail, bar, happy hour"
Three Stars,"texas, southern, travel, star, celestial, night sky"
Tic-tac-toe,"romance, love, valentine, valentines day, tic tac toe, games, game night, xoxo"
Tokyo Kanji,"japan, japanese, asia, travel, landmark, tokyo"
Tomato,"food, vegetable, veggie, cooking, kitchen, garden, farmers market"
Topo Chico,"drink, drinks, sparkling water, soda, trendy, texas"
Torii Gate,"japan, japanese, asia, travel, landmark, tokyo"
Treble Cleff,"hobby, music, musician, band, musical notes, concert"
Tree Taxi,"holiday, winter, festive, christmas, december, tree, taxi, new york, nyc, city"
Two Olives on Toothpick,"popular, bestseller, martini, olive, cocktail, bar, happy hour"
Ugg Boots,"hobby, winter, cozy, boots, fashion, shoes"
Umbrella,"hobby, rain, weather, spring"
USA Skis,"hobby, ski, skiing, winter, snow, mountain, apres ski, winter sports, sports, usa, patriotic, america, red white and blue"
Vine Tomatoes,"food, vegetable, veggie, cooking, kitchen, garden, farmers market"
Virgo,"zodiac, astrology, horoscope, star sign, birthday, celestial, august, september"
Volleyball,"hobby, volleyball, sports, beach, summer"
Watermelon,"food, fruit, summer, picnic, cookout"
Wave,"beach, summer, coastal, ocean, vacation, surf, nautical"
Weed,"hobby, weed, cannabis, 420"
Western Saddle,"hobby, horse, equestrian, derby, riding"
Westie,"dog, puppy, pet, animal, dog mom, fur baby, westie, west highland terrier"
Westie Locket,"dog, puppy, pet, animal, dog mom, locket, keepsake, love, sentimental, westie, west highland terrier"
White and Grey Frenchie,"dog, puppy, pet, animal, dog mom, fur baby, frenchie, french bulldog"
White Frenchie Locket,"dog, puppy, pet, animal, dog mom, locket, keepsake, love, sentimental, frenchie, french bulldog"
White Long Hair Cat,"cat, kitten, pet, animal, cat mom"
White Pit Bull,"dog, puppy, pet, animal, dog mom, fur baby, pit bull, pitbull"
White Short Hair Cat,"cat, kitten, pet, animal, cat mom"
Wine Bottle,"drink, drinks, wine, wine night, bar, happy hour, girls night"
Xanax,"beauty, self care, vanity, glam, medicine, pharmacy, meds, prescription, funny"
XOXO,"romance, love, valentine, valentines day, kiss, preppy"
XOXO Heart Blue,"romance, love, valentine, valentines day, heart, kiss, preppy"
XOXO Heart Pink,"romance, love, valentine, valentines day, heart, kiss, preppy"
Yeehaw,"texas, southern, travel, western, cowboy, country, rodeo, nashville"
Yellow Flower,"nature, botanical, garden, outdoors, floral, flower, spring"
Yellow Lab,"dog, puppy, pet, animal, dog mom, fur baby, lab, labrador, labrador retriever"
Yellow Lab Locket,"dog, puppy, pet, animal, dog mom, locket, keepsake, love, sentimental, lab, labrador, labrador retriever"
Yorkie,"dog, puppy, pet, animal, dog mom, fur baby, yorkie, yorkshire terrier"
Yorkie Locket,"dog, puppy, pet, animal, dog mom, locket, keepsake, love, sentimental, yorkie, yorkshire terrier"
